"Empresa","IdConcepto","NombreConcepto","ClaseConcepto","CLASE2","CLASE3","CODIGOAFIP","EsRemunerativo","Apariciones","MontoTotal"
"EMPR0001","10000","SUELDO BÁSICO","1","1","1","110000","True","20236","7276072042,02"
"EMPR0001","10010","SUELDO EVENTUALES","1","1","1","110000","True","18725","550583297,46"
"EMPR0001","10011","DIAS TRABAJADOS","1","1","1","110000","True","1","363807,50"
"EMPR0001","10020","DÍAS ENFERMEDAD","1","1","1","110000","True","19987","190498910,07"
"EMPR0001","10030","DIAS LICENCIA ART","1","1","1","110000","True","19964","66682439,80"
"EMPR0001","10040","FALTA INJUSTIFICADA","1","1","1","110000","True","19999","-39589992,24"
"EMPR0001","10050","SANCION DISCIPLINARIA","1","1","1","110000","True","19139","-3799398,25"
"EMPR0001","10100","OTRAS LICENCIAS","1","1","1","110000","True","19109","6347656,36"
"EMPR0001","10200","FERIADO TRABAJADO","1","1","1","110007","True","20158","216582889,19"
"EMPR0001","11000","ANTIGUEDAD UTHGRA","2","3","1","160001","True","10457","72627130,35"
"EMPR0001","12000","COMPLEMENTO DE SERVICIO 12%","1","3","1","160000","True","14412","604104685,53"
"EMPR0001","12010","ASISTENCIA PERFECTA 10%","1","4","1","170001","True","20001","406687848,30"
"EMPR0001","12020","ADICIONAL ALIMENTACIÓN","2","3","1","160000","True","14055","482591797,95"
"EMPR0001","12021","DESC. ADICIONAL ALIMENTACIÓN 10%","2","3","1","160000","True","13652","-444683331,34"
"EMPR0001","12200","PREMIO ASISTENCIA VIÑA","2","4","1","170001","True","11519","2586272,12"
"EMPR0001","12201","ADIC. TRASLADO VIÑA","1","1","1","110000","True","4","210858,53"
"EMPR0001","13800","BONO PRODUCTIVIDAD","1","4","1","170002","True","6990","237799827,59"
"EMPR0001","13900","DIFERENCIAS Y REAJUSTES","1","1","1","110000","True","1160","21223894,97"
"EMPR0001","15000","DÍAS VACACIONES","1","6","1","150000","True","19898","318085747,41"
"EMPR0001","15900","DÍAS NO TRABAJADOS","1","1","1","110000","True","19999","-519262479,03"
"EMPR0001","17000","SAC PROPORCIONAL","1","7","3","120003","True","1160","26101906,77"
"EMPR0001","18000","RESERVA DE PUESTO","4","9","1","110000","False","467","922799,53"
"EMPR0001","18100","DIAS LICENCIA MATERNIDAD","4","9","1","510003","False","1449","19487732,04"
"EMPR0001","18101","DTO. DIAS LICENCIA MATERNIDAD","4","9","1","510003","False","393","-19487732,04"
"EMPR0001","20001","JUBILACIÓN 11%","5","0","15","810000","False","21233","-1165467764,99"
"EMPR0001","20101","LEY 19032 3%","5","0","15","810001","False","21119","-315331110,40"
"EMPR0001","20201","OBRA SOCIAL 3%","5","0","16","810002","False","20919","-302401779,23"
"EMPR0001","20202","APORTE ADIC. OBRA SOCIAL","5","0","16","810002","False","153","-3118624,76"
"EMPR0001","22001","CUOTA SINDICAL UTHGRA 2.5%","5","0","17","810004","False","17498","-194109136,72"
"EMPR0001","22002","SEG. DE VIDA Y SEPELIO UTHGRA","5","0","17","810005","False","17496","-77622988,40"
"EMPR0001","22201","APORTE SOLIDARIO FOEVA","5","0","17","810004","False","821","-1276376,64"
"EMPR0001","22202","SUBSIDIO SEPELIO FOEVA","5","0","17","810005","False","753","-1095125,63"
"EMPR0001","23001","EMBARGO / CUOTA ALIMENTARIA","6","0","19","820000","False","1479","-1208979,70"
"EMPR0001","23101","DESCUENTO PREPAGA","6","0","19","820000","False","20050","-97617186,22"
"EMPR0001","23102","DTO CUOTA SPORT CLUB","6","0","19","820000","False","3151","-15134593,56"
"EMPR0001","23103","DESCUENTO VIANDAS","6","0","19","820000","False","1332","-2657308,00"
"EMPR0001","24001","ANTICIPO DE SUELDO","6","0","19","820000","False","20036","-65975756,93"
"EMPR0001","25001","DESCUENTO PRESTAMO","6","0","19","820000","False","14954","-2633862,00"
"EMPR0001","40001","SUMA NO REM. UTHGRA","4","9","1","551000","False","11175","247111527,87"
"EMPR0001","40800","ADICIONAL TRASLADOS","4","9","1","551000","False","203","11856940,53"
"EMPR0001","42000","COMP. REFRIGERIO VIÑA","4","9","1","551000","False","544","17233433,87"
"EMPR0001","42001","SUMA NO REM VIÑA","4","9","1","551000","False","487","20992146,26"
"EMPR0001","45000","REINTEGRO GASTOS GUARDERIA ART 103 LCT","4","9","6","520004","False","6696","20668138,32"
"EMPR0001","50000","INDEMN. POR ANTIGUEDAD ART 245 LCT","4","9","6","520014","False","930","109799908,73"
"EMPR0001","50010","INDEMN. SUST. PREAVISO","4","9","6","520015","False","2922","47802211,38"
"EMPR0001","50011","SAC S/ INDEMN. SUST. PREAVISO","4","9","6","520017","False","63","3866944,35"
"EMPR0001","50020","INDEMN. INTEGRACION MES DE DESPIDO","4","9","6","520016","False","910","1517461,36"
"EMPR0001","50021","SAC S/ INDEMN. INTEGRACION MES DE DESPIDO","4","9","6","520017","False","905","79066,42"
"EMPR0001","50030","VACACIONES NO GOZADAS","4","9","6","520012","False","10911","45345193,12"
"EMPR0001","50031","VAC. NO GOZADAS PROPROCIONALES","4","9","6","520012","False","7091","52997880,28"
"EMPR0001","50032","SAC/ VAC NO GOZADAS","4","9","6","520018","False","4887","3385428,15"
"EMPR0001","50040","GRATIFICACION POR CESE","4","0","1","520010","False","1","10002632,21"
"EMPR0001","99999","REDONDEO","4","0","6","799999","False","21767","9625,31"
"EMPR0001","99999091","ajuste adicionales","2","3","1","160000","True","2378","41614,68"
"EMPR0001","99999099","SUELDO BASICO","1","1","1","110000","True","1133","2196058,91"
"EMPR0001","99999100","Sueldo básico por hora","1","1","1","110000","True","3429","103945,35"
"EMPR0001","99999102","rem no al basico","1","1","1","160000","True","1642","8721377,04"
"EMPR0001","99999111","dia gremio","1","1","1","110000","True","1146","5673,08"
"EMPR0001","99999120","ajuste meses anteriores","1","1","1","110000","True","17368","8526767,65"
"EMPR0001","99999121","Aj. meses anteriores/Feriados","1","1","1","110000","True","17385","1057035,59"
"EMPR0001","99999129","ADICIONAL TRASLADOS","1","3","1","160000","True","5966","284616753,60"
"EMPR0001","99999131","ad por traslado","2","3","1","170001","True","7","220344,80"
"EMPR0001","99999132","gratificacion extra","4","9","1","551000","False","1658","4499800,00"
"EMPR0001","99999134","refrigerio","4","9","1","551000","False","2","12493,13"
"EMPR0001","99999135","adicional febrero","4","9","6","550000","False","869","8550,00"
"EMPR0001","99999151","dias vacaciones","1","6","1","110000","True","866","0,00"
"EMPR0001","99999164","adicional retroactivo","2","3","1","160000","True","667","1924417,18"
"EMPR0001","99999165","ad traslado","2","3","1","160000","True","11","512133,09"
"EMPR0001","99999171","sac proporcional","1","7","3","120003","True","871","822507,25"
"EMPR0001","99999195","suma nr al basico","1","1","1","110000","True","6544","178476134,03"
"EMPR0001","99999200","incremento solidario","1","1","1","110000","True","3346","6359868,60"
"EMPR0001","99999202","fallo de caja","2","3","1","110000","True","17226","3169895,51"
"EMPR0001","99999239","Suspensión Art 223","4","1","1","110000","True","982","-2824784,02"
"EMPR0001","99999240","Suspensión Art 223","1","1","1","110000","True","2011","-33689831,20"
"EMPR0001","99999241","Suspensión Art 223","4","1","6","110000","True","1975","21656385,04"
"EMPR0001","99999242","Suspensión Art 223","4","9","6","550000","False","1225","8342632,57"
"EMPR0001","99999243","Ajuste Suspensión Art 223","4","1","6","110000","True","867","3150,12"
"EMPR0001","99999299","pago sac 1 semestre","2","7","3","120001","True","220","-133431675,13"
"EMPR0001","99999301","sac 1 semestre","2","7","3","120001","True","7986","305548232,19"
"EMPR0001","99999302","sac 2 semestre","2","7","3","120002","True","8724","403465636,56"
"EMPR0001","99999303","sac 1 semestre","2","7","3","120001","True","2495","162949363,00"
"EMPR0001","99999408","Ajuste no Rem - viña","4","9","1","550000","False","870","31918,00"
"EMPR0001","99999409","Bono 665/19","4","9","1","550000","False","1458","579633,32"
"EMPR0001","99999410","asig nr","4","9","1","551000","False","19","113750,00"
"EMPR0001","99999411","A cta futuros aumentos","4","9","1","551000","False","1225","89457,66"
"EMPR0001","99999412","reintegro prepaga","4","9","1","520002","False","1931","23895,34"
"EMPR0001","99999413","reintegro","4","9","1","550000","False","10514","1814263,63"
"EMPR0001","99999499","Ajuste Retro 09 y 10-25","2","3","1","160000","True","961","32780797,64"
"EMPR0001","99999501","bono productividad","4","9","1","551000","False","5503","38000902,56"
"EMPR0001","99999505","bono dto 841","4","9","1","560005","False","1662","5233901,00"
"EMPR0001","99999506","Acdo no rem complementario","4","9","1","551000","False","5079","34380953,24"
"EMPR0001","99999507","grat extraord nr","4","9","1","551002","False","1018","12951958,31"
"EMPR0001","99999508","grat extraord nr","4","9","1","551002","False","42","1406333,33"
"EMPR0001","99999509","Acdo Compl II no rem","4","9","1","551000","False","2717","80688265,38"
"EMPR0001","99999510","alimentacion","4","9","1","520001","False","27","1884024,80"
"EMPR0001","99999511","Recomp. Sal. No Rem","4","9","1","551000","False","449","1268170,04"
"EMPR0001","99999512","suma nr","4","9","1","551000","False","7009","3128710,40"
"EMPR0001","99999550","ajuste no remunerativo","4","9","2","550000","False","883","1729251,80"
"EMPR0001","99999560","sac proporcional","2","7","3","120002","True","947","8516473,21"
"EMPR0001","99999561","Horas Extras al 100%","2","2","1","130002","True","866","0,00"
"EMPR0001","99999562","horas extra 100%","1","2","1","130002","True","882","479281,16"
"EMPR0001","99999601","gratificacion","4","9","6","520010","False","870","805623,00"
"EMPR0001","99999699","ind fallecimiento","4","9","2","550000","False","867","2569382,00"
"EMPR0001","99999705","Art.123: 1er SAC proporcional","1","7","3","120003","True","7923","9070610,36"
"EMPR0001","99999706","Art.123: 2do SAC proporcional","2","7","3","120003","True","7134","31669615,96"
"EMPR0001","99999711","Art.248: Indemniz.extinc.por muerte del trabajador","4","9","6","550000","False","2848","42585,90"
"EMPR0001","99999712","asignacion estimulo","4","1","1","110000","True","2194","1963890,53"
"EMPR0001","99999715","asig estumulo feriado","4","1","1","110000","True","891","24000,00"
"EMPR0001","99999716","asig estimulo enfermedad","4","1","1","110000","True","874","13000,00"
"EMPR0001","99999717","asig estimulo sac","4","7","1","120001","True","875","26421,64"
"EMPR0001","99999718","asig estimulo sac","4","7","1","120003","True","878","32321,48"
"EMPR0001","99999719","ART.247: INDEMNIZ.DESPIDO FUERZA MAYOR O DISMINUC.","4","9","6","520014","False","874","554944,59"
"EMPR0001","99999720","bono dto 438/23","4","9","1","560006","False","1429","13725170,00"
"EMPR0001","99999721","AJUSTE HORAS EXTRAS","4","9","1","0","False","867","57400,00"
"EMPR0001","99999740","gratif extraordinaria","4","9","2","550000","False","871","8239891,81"
"EMPR0001","99999749","dias inasistencia","1","1","1","110000","True","867","-1090356,65"
"EMPR0001","99999750","reserva de puesto","1","1","1","110000","True","868","-575206,00"
"EMPR0001","99999751","lic maternidad","1","1","1","110000","True","873","-9311948,92"
"EMPR0001","99999760","lic maternidad","1","10","1","510003","True","646","1854008,90"
"EMPR0001","99999761","lic maternidad anses","1","0","1","510003","False","2","-1854008,90"
"EMPR0001","99999770","reserva de puesto","1","1","1","110000","True","645","-255819,53"
"EMPR0001","99999802","embargo","6","0","19","820000","False","4581","-5235,41"
"EMPR0001","99999917","Aj ac Dec. 561/2019","5","0","1","0","False","109","210305,36"
"EMPR0001","99999919","aporte obra social","5","0","16","810002","False","71","-4093164,39"
"EMPR0001","99999920","aj uthgra","5","0","1","810004","False","950","-30430,56"
"EMPR0001","99999921","Aj Seg vida y Sepelio/2°SAC","5","0","1","810004","False","950","-12171,95"
"EMPR0001","99999922","Aporte para Jubilación","5","0","15","810000","False","3","-437144,66"
"EMPR0001","99999923","Aporte para INSSJP","5","0","18","810001","False","3","-119221,27"
"EMPR0001","99999924","Aporte Obra Social","5","0","16","810002","False","3","-119221,27"
"EMPR0001","99999925","OBRA SOCIAL","5","0","16","810002","False","787","-10653206,59"
"EMPR0001","99999931","faltante de caja","6","0","19","820000","False","941","-172230,00"
"EMPR0001","99999933","preaviso","6","0","19","820000","False","871","-1308942,24"
"EMPR0001","99999950","salario complementario","1","0","1","810012","False","2097","-20702950,75"
"EMPR0001","99999951","salario complementario","1","0","1","810012","False","880","-2415,00"
"EMPR0001","99999952","ant a cta mes 6","6","0","1","810012","False","1362","668462,00"
"EMPR0001","99999953","REPRO ENERO/21 CUOTA 03/03","6","0","1","820000","False","125","-496000,00"
"EMPR0001","99999954","REPRO II","6","0","1","820000","False","2429","-20201126,00"
"EMPR0001","99999955","REPRO II FEBRERO 2021","6","0","1","0","False","1055","-1395518,66"
"EMPR0001","99999956","Anticipo SAC","6","0","19","820000","False","4544","-328711195,08"
"EMPR0001","99999957","EXCEDENTE REPRO","6","0","19","820000","False","1878","591374,00"
"EMPR0001","99999958","PROGRAMA ENLAZADOS","6","0","19","820000","False","1002","-6084954,00"
"EMPR0001","99999959","EXCEDENTE","6","0","19","820000","False","923","55581,00"
"EMPR0001","99999960","DESCUENTOS POR UNIFORME","6","0","19","820000","False","1036","-94170,00"
"EMPR0001","99999961","BOLSON","6","0","19","820000","False","4957","-50000,00"
"EMPR0001","99999962","RETENCION GANANCIAS- Manual","7","0","19","810008","False","874","0,00"
"EMPR0001","99999963","RETENCIÓN DE IMPUESTO A LAS GANANCIAS","7","0","19","810008","False","535","-402167,66"
"EMPR0001","99999965","DEV IMP A LAS GANANCIAS","6","0","19","810008","False","866","0,00"
"Empr0002","10000","SUELDO BÁSICO","1","1","1","110000","True","8633","1541617711,12"
"Empr0002","10010","SUELDO EVENTUALES","1","1","1","110000","True","8157","596370662,70"
"Empr0002","10020","DÍAS ENFERMEDAD","1","1","1","110000","True","8647","26925309,97"
"Empr0002","10030","DIAS LICENCIA ART","1","1","1","110000","True","8628","26983478,20"
"Empr0002","10040","FALTA INJUSTIFICADA","1","1","1","110000","True","8643","-8125463,10"
"Empr0002","10050","SANCION DISCIPLINARIA","1","1","1","110000","True","8203","-919774,96"
"Empr0002","10100","OTRAS LICENCIAS","1","1","1","110005","True","8673","1144515,54"
"Empr0002","10200","FERIADO TRABAJADO","1","1","1","110007","True","8704","84832607,49"
"Empr0002","11000","ANTIGUEDAD UTHGRA","2","3","1","160001","True","6664","27482118,52"
"Empr0002","11100","ANTIGUEDAD FATCA","2","9","1","160001","True","991","10982398,06"
"Empr0002","12000","COMPLEMENTO DE SERVICIO 12%","1","3","1","160000","True","7732","213211607,79"
"Empr0002","12010","ASISTENCIA PERFECTA 10%","1","4","1","170001","True","8588","150715260,58"
"Empr0002","12020","ADICIONAL ALIMENTACIÓN","2","3","1","160000","True","7720","197983312,17"
"Empr0002","12021","DESC. ADICIONAL ALIMENTACIÓN","2","3","1","160000","True","7644","-188580321,52"
"Empr0002","12100","PRESENTISMO FATCA 9%","2","4","1","170001","True","563","14493632,11"
"Empr0002","12101","PUNTUALIDAD FATCA 4%","2","4","1","170000","True","567","6465841,66"
"Empr0002","12102","REGIMEN 208 FATCA","2","4","1","160000","True","3070","7811663,97"
"Empr0002","13800","BONO PRODUCTIVIDAD","1","4","1","170002","True","300","1270500,00"
"Empr0002","13900","DIFERENCIAS Y REAJUSTES","1","1","1","110000","True","227","1413858,15"
"Empr0002","13910","AJUSTE MESES ANTERIORES","1","1","1","110000","True","4469","5414046,95"
"Empr0002","15000","DÍAS VACACIONES","1","6","1","150000","True","8592","88002608,56"
"Empr0002","15900","DÍAS NO TRABAJADOS","1","1","1","110000","True","8608","-128161065,88"
"Empr0002","17000","SAC PROPORCIONAL","1","7","3","120003","True","9","1264144,48"
"Empr0002","18000","RESERVA DE PUESTO","4","9","1","110000","False","26","0,23"
"Empr0002","18100","DIAS LICENCIA MATERNIDAD","4","9","1","510003","False","2300","3578157,36"
"Empr0002","18101","DTO. DIAS LICENCIA MATERNIDAD","4","9","1","510003","False","44","-3578157,36"
"Empr0002","20001","JUBILACIÓN 11%","5","0","1","810000","False","9568","-327469443,49"
"Empr0002","20101","LEY 19032 3%","5","0","1","810001","False","9567","-89296872,29"
"Empr0002","20201","OBRA SOCIAL 3%","5","0","1","810002","False","10190","-89855114,56"
"Empr0002","20202","APORTE ADIC. OBRA SOCIAL","5","0","1","810002","False","88","-1401148,83"
"Empr0002","22001","CUOTA SINDICAL UTHGRA 2.5%","5","0","1","810004","False","9262","-66774749,91"
"Empr0002","22002","SEG. DE VIDA Y SEPELIO UTHGRA","5","0","1","810005","False","9256","-26381378,94"
"Empr0002","22101","CUOTA SINDICAL FATCA 2.5%","5","0","17","810004","False","643","-5727617,61"
"Empr0002","23001","EMBARGO / CUOTA ALIMENTARIA","6","0","1","820000","False","6437","-2226412,14"
"Empr0002","23101","DESCUENTO PREPAGA","6","0","1","820000","False","8706","-9237040,95"
"Empr0002","23102","DTO CUOTA SPORT CLUB","6","0","19","820000","False","1027","-2311660,00"
"Empr0002","23103","DESCUENTO VIANDAS","6","0","19","820000","False","296","-10000,00"
"Empr0002","24001","ANTICIPO DE SUELDO","6","0","1","820000","False","8710","-29231318,48"
"Empr0002","25001","DESCUENTO PRESTAMO","6","0","1","820000","False","4176","-1582462,68"
"Empr0002","40001","SUMA NO REM. UTHGRA","4","9","1","551000","False","4983","93718462,48"
"Empr0002","40800","ADICIONAL TRASLADOS","4","9","1","551000","False","74","305572,04"
"Empr0002","41000","SUMA NO REM. FATCA","4","9","1","550000","False","162","1812000,00"
"Empr0002","41001","TITULO FATCA","4","9","1","551000","False","76","9416304,00"
"Empr0002","41002","ACUERDO FATCA","4","9","1","551000","False","529","18583025,00"
"Empr0002","45000","REINTEGRO GASTOS GUARDERIA ART 103 LCT","4","9","1","520004","False","1065","12122048,25"
"Empr0002","45100","AJUSTE NO REMUNERATIVO","4","0","1","550000","False","5","633034,00"
"Empr0002","50000","INDEMN. POR ANTIGUEDAD ART. 245 LCT","4","9","6","520014","False","152","17459931,87"
"Empr0002","50010","INDEMN. SUST. PREAVISO","4","9","6","520015","False","160","6478650,09"
"Empr0002","50011","SAC S/ INDEMN. SUST. PREAVISO","4","9","1","520017","False","7","533792,85"
"Empr0002","50020","INDEMN. INTEGRACION MES DE DESPIDO","4","9","6","520016","False","143","544246,00"
"Empr0002","50021","SAC S/ INDEMN. INTEGRACION MES DE DESPIDO","4","9","1","520017","False","146","45353,83"
"Empr0002","50030","VACACIONES NO GOZADAS","4","9","6","520012","False","5034","25734940,50"
"Empr0002","50031","VAC. NO GOZADAS PROPORCIONALES","4","9","6","520012","False","3680","1782733,02"
"Empr0002","99999","REDONDEO","4","0","6","799999","False","10151","4423,64"
"Empr0002","99999095","adicional empresa","2","3","1","160000","True","874","0,00"
"Empr0002","99999100","sueldo part time","1","1","1","110000","True","880","61411,68"
"Empr0002","99999102","suma rem no al basico","1","1","1","0","True","1249","6998557,03"
"Empr0002","99999103","ajuste mes anterior","1","1","1","110000","True","3000","2064865,13"
"Empr0002","99999117","dia cervecero","1","1","1","110007","True","365","26638,32"
"Empr0002","99999129","ADICIONAL TRASLADOS","1","3","1","160000","True","460","12508652,68"
"Empr0002","99999195","suma rem no al basico","1","1","1","110000","True","2014","65429234,23"
"Empr0002","99999200","titulo","1","1","1","110011","True","1539","5116874,87"
"Empr0002","99999201","vac no gozadas","4","9","1","110011","True","4083","78861,36"
"Empr0002","99999202","fallo de caja","2","3","1","160000","True","7529","1371326,94"
"Empr0002","99999240","Suspensión Art 223","1","1","1","110000","True","725","-22574126,22"
"Empr0002","99999241","Suspensión Art 223","4","1","6","110000","True","655","12982919,92"
"Empr0002","99999242","Suspensión Art 223","4","1","1","550000","False","330","4891734,89"
"Empr0002","99999243","Suspensión Art 223 adicionales","1","3","6","160000","True","209","-164004,58"
"Empr0002","99999244","Suspensión Art 223 presentismo","1","4","6","170001","True","209","-148632,19"
"Empr0002","99999255","adic retroactivo","2","3","1","160000","True","274","668286,48"
"Empr0002","99999301","sac 1er semestre","2","7","3","120001","True","2267","81769775,41"
"Empr0002","99999302","sac 2 semestre","2","7","3","120002","True","4356","108632285,49"
"Empr0002","99999303","ajuste sac 1 sem","1","1","1","110000","True","143","130680,00"
"Empr0002","99999304","ajuste sac 2 sem","1","1","1","110000","True","143","0,00"
"Empr0002","99999409","Bono 665/19","4","9","1","550000","False","310","309000,00"
"Empr0002","99999499","Ajuste Retro 09 y 10-25","2","3","1","160000","True","446","10888468,22"
"Empr0002","99999500","bono por resultado","1","4","1","170000","True","143","20000,00"
"Empr0002","99999501","bono por resultado","4","9","1","0","False","142","0,00"
"Empr0002","99999503","plus bodega","1","3","1","160000","True","2672","-7750086,59"
"Empr0002","99999504","Recomp. Sal. No Rem","4","9","1","551000","False","206","556179,03"
"Empr0002","99999505","bono 841/2022","4","9","1","560005","False","425","2075805,00"
"Empr0002","99999506","Acdo No rem Complementario","4","9","1","551000","False","533","4067463,63"
"Empr0002","99999507","grat extraord nr","4","9","1","551001","False","510","5190208,30"
"Empr0002","99999508","bono productividad","4","9","1","551001","False","176","1270308,00"
"Empr0002","99999509","Acdo no rem Compl","4","9","1","551000","False","808","8809100,09"
"Empr0002","99999510","Acdo no rem Compl II","4","9","1","551000","False","871","34080643,22"
"Empr0002","99999511","bono productividad","4","9","1","551001","False","142","0,00"
"Empr0002","99999530","ajuste no remunerativo","4","9","2","550000","False","163","790534,00"
"Empr0002","99999549","pago sac 1 semestre","1","0","1","0","False","142","0,00"
"Empr0002","99999550","pago sac 1 semestre","2","7","3","120001","True","70","-32276866,32"
"Empr0002","99999551","sac 1 semestre","2","7","3","120001","True","212","35988506,31"
"Empr0002","99999552","sac 1 semestre","2","7","3","120001","True","148","4181250,81"
"Empr0002","99999650","sac proporcional 1 sem","1","7","1","120003","True","173","5728240,54"
"Empr0002","99999651","sac proporcional 2 semestre","2","7","3","120003","True","162","1853178,71"
"Empr0002","99999705","art.123: 1er sac proporcional","2","7","3","120003","True","6529","4067718,97"
"Empr0002","99999706","art.123: 2er sac proporcional","2","7","3","120003","True","3879","8293782,60"
"Empr0002","99999707","sac s vng","4","9","1","520018","False","3753","958102,87"
"Empr0002","99999711","Indemniz.extinc.por muerte del trabajador","4","9","6","550000","False","143","29086,00"
"Empr0002","99999715","bono dto 438/23","4","9","1","560006","False","481","6129500,00"
"Empr0002","99999750","adicional no remunerativo","4","9","2","550000","False","35","2000000,00"
"Empr0002","99999917","Aj ac Dec. 561/2019","5","0","1","0","False","43","85538,90"
"Empr0002","99999933","descuento uniforme","6","0","1","820000","False","145","-161220,00"
"Empr0002","99999940","ajuste cuota sindical","5","0","1","810004","False","191","-16340,80"
"Empr0002","99999941","ajuste seguro vida y sepelio","5","0","1","810004","False","191","-6536,34"
"Empr0002","99999942","ajuste sindicato fatca","5","0","1","810004","False","145","-1332,34"
"Empr0002","99999949","embargo","6","0","19","820000","False","154","-163160,00"
"Empr0002","99999950","embargo","6","0","19","820000","False","142","0,00"
"Empr0002","99999951","salario complementario abril","6","0","1","810012","False","157","-72364,00"
"Empr0002","99999952","excedente","6","0","1","820000","False","145","35697,00"
"Empr0002","99999954","anticipo sac","6","0","1","820000","False","446","-41488856,00"
"Empr0002","99999956","Anticipo SAC","6","0","1","820000","False","2079","-40675161,00"
"Empr0002","99999957","Acreditacion Haberes 3/01/25","6","0","1","820000","False","240","-63424311,00"
"Empr0002","99999958","REPRO ENERO/21 CUOTA 3/3","6","0","1","820000","False","74","-222000,00"
"Empr0002","99999959","REPRO ENE/21","6","0","1","820000","False","2","-18000,00"
"Empr0002","99999960","REPRO ENE 21 3/3","6","0","1","820000","False","1","-4000,00"
"Empr0002","99999961","REPRO Feb 21","6","0","1","820000","False","71","-639000,00"
"Empr0002","99999962","REPRO FEB 21","6","0","1","820000","False","1","-12000,00"
"Empr0002","99999963","REPRO ENE 21 3/3","6","0","1","820000","False","2","-8000,00"
"Empr0002","99999964","PROGRAMA ENLAZADOS","6","0","1","820000","False","47","-1872347,00"
"Empr0002","99999965","Ajuste No rem Reintegro","4","9","1","810012","False","6148","1008089,39"
"Empr0002","99999966","FALTANTE DE CAJA","6","0","1","820000","False","217","-89389,00"
"EMPR0003","10000","SUELDO BÁSICO MENSUAL","1","1","1","110000","True","453","426331153,69"
"EMPR0003","10010","SUELDO EVENTUALES","1","1","1","110000","True","101","3869588,79"
"EMPR0003","10020","DÍAS ENFERMEDAD","1","1","1","110000","True","177","3015953,51"
"EMPR0003","10040","FALTA INJUSTIFICADA","1","1","1","110000","True","132","-261185,19"
"EMPR0003","10200","FERIADO TRABAJADO","1","1","1","110007","True","190","1891039,66"
"EMPR0003","11000","ANTIGUEDAD UTHGRA","2","3","1","160001","True","118","635163,01"
"EMPR0003","12000","COMPLEMENTO DE SERVICIO 12%","1","3","1","160000","True","100","7130657,20"
"EMPR0003","12010","ASISTENCIA PERFECTA 10%","1","4","1","170001","True","165","5654004,03"
"EMPR0003","12020","ADICIONAL ALIMENTACIÓN","2","3","1","160000","True","100","6712822,70"
"EMPR0003","12021","DESC. ADICIONAL ALIMENTACIÓN","2","3","1","160000","True","74","-3704276,60"
"EMPR0003","15000","DIAS VACACIONES","1","6","2","150000","True","187","13824045,93"
"EMPR0003","15900","DÍAS NO TRABAJADOS","1","1","1","110000","True","248","-14781701,21"
"EMPR0003","17000","SAC PROPORCIONAL","1","7","1","120003","True","76","377081,82"
"EMPR0003","20001","JUBILACIÓN 11%","5","0","15","810000","False","536","-53881420,41"
"EMPR0003","20101","LEY 19032 3%","5","0","15","810001","False","536","-14694932,97"
"EMPR0003","20201","OBRA SOCIAL 3%","5","0","16","810002","False","465","-13621520,13"
"EMPR0003","22001","CUOTA SINDICAL UTHGRA 2.5%","5","0","17","810004","False","123","-2365120,92"
"EMPR0003","22002","SEG. DE VIDA Y SEPELIO UTHGRA","5","0","17","810005","False","139","-962236,43"
"EMPR0003","23101","DESCUENTO PREPAGA","6","0","19","820000","False","126","-2436406,06"
"EMPR0003","23102","DTO CUOTA SPORT CLUB","6","0","19","820000","False","103","-2656074,00"
"EMPR0003","23103","DESCUENTO VIANDAS","6","0","1","820000","False","80","-105000,00"
"EMPR0003","23104","OTROS DESCUENTOS","6","0","1","820000","False","2","-72103,00"
"EMPR0003","24001","ANTICIPO DE SUELDO","6","0","19","820000","False","125","-2332021,00"
"EMPR0003","40001","SUMA NO REM. UTHGRA","4","9","1","551000","False","61","2398673,51"
"EMPR0003","45000","REINTEGRO GASTOS GUARDERIA ART 103 LCT","4","9","6","520004","False","80","831321,75"
"EMPR0003","50000","INDEMN. POR ANTIGUEDAD ART 245 LCT","4","9","6","520014","False","80","6668870,46"
"EMPR0003","50010","INDEMN. SUST. PREAVISO","4","9","6","520015","False","81","5836889,94"
"EMPR0003","50020","INDEMN. INTEGRACION MES DE DESPIDO","4","9","6","520016","False","77","480740,81"
"EMPR0003","50021","SAC S/ INDEMN. INTEGRACION MES DE DESPIDO","4","9","6","520017","False","77","40061,74"
"EMPR0003","50030","VACACIONES NO GOZADAS","4","9","6","520012","False","90","4972755,44"
"EMPR0003","50032","SAC/ VAC NO GOZADAS","4","9","6","520018","False","7","148686,96"
"EMPR0003","99999","REDONDEO","4","0","6","799999","False","536","189,42"
"EMPR0003","99999104","PRESENTISMO","2","4","1","170001","True","107","1065914,89"
"EMPR0003","99999108","Suma no rem","4","9","1","551000","False","114","3565565,50"
"EMPR0003","99999113","DÍA DE EMPLEADO DE COMERCIO","1","1","1","110000","True","75","1595,95"
"EMPR0003","99999114","LICENCIA","1","1","1","110005","True","85","232730,44"
"EMPR0003","99999117","Antiguedad s/Acdo no rem","4","9","1","551000","False","87","24483,93"
"EMPR0003","99999118","Presentismo s/Acdo no rem","4","9","1","551000","False","87","206072,95"
"EMPR0003","99999120","AJUSTE meses anteriores","1","1","1","110000","True","89","999003,48"
"EMPR0003","99999150","BONO POR RESULTADO","2","4","1","0","True","94","411119,04"
"EMPR0003","99999160","ADIC. RETROACTIVO","2","3","1","160000","True","8","26796,00"
"EMPR0003","99999171","SAC PROPORCIONAL","2","7","3","120002","True","77","486753,74"
"EMPR0003","99999195","SUMA REM NO AL BASICO","1","1","1","110000","True","115","2115996,27"
"EMPR0003","99999202","FALLA DE CAJA","2","3","1","110000","True","105","112198,00"
"EMPR0003","99999250","AJUSTE RETRO 09 Y 10-25","2","3","1","160000","True","12","480434,91"
"EMPR0003","99999295","PAGO SAC 1ER SEMESTRE","2","7","3","120001","True","13","-6467605,56"
"EMPR0003","99999301","SAC 1ER SEMESTRE","2","7","3","120001","True","117","18641285,99"
"EMPR0003","99999302","SAC 2DO SEMESTRE","2","7","3","120002","True","112","18786514,49"
"EMPR0003","99999303","BONO POR PRODUCTIVIDAD","2","4","1","170002","True","84","903615,00"
"EMPR0003","99999310","INCREMENTO SOLIDARIO","1","1","1","0","True","91","67000,00"
"EMPR0003","99999401","BONO 665/19","4","9","1","0","False","4","4000,00"
"EMPR0003","99999502","Acdo No rem Compl","4","9","1","551000","False","20","330719,48"
"EMPR0003","99999503","Acdo No rem Compl II","4","9","1","551000","False","20","1226465,59"
"EMPR0003","99999505","BONO DTO 841/2022","4","9","1","560005","False","80","72000,00"
"EMPR0003","99999507","GRAT.EXTRAORD. NO REM","4","9","1","551001","False","88","292000,00"
"EMPR0003","99999508","BONO PRODUCTIVDAD","4","9","1","551001","False","80","1216666,67"
"EMPR0003","99999509","BONO PRODUCTIVDAD","4","9","1","551001","False","77","683334,00"
"EMPR0003","99999511","Suma Compensatoria","4","9","1","551000","False","79","40000,00"
"EMPR0003","99999512","SAC No rem","4","9","1","551000","False","75","323906,40"
"EMPR0003","99999600","Art.123: 1er SAC proporcional","2","7","3","120003","True","81","783423,00"
"EMPR0003","99999601","Art.123 2do SAC proporcional","2","7","3","120003","True","81","489971,71"
"EMPR0003","99999602","GRATIFICACION","4","9","6","520010","False","75","1109153,00"
"EMPR0003","99999709","SAC Preaviso","4","9","1","520017","False","6","486407,50"
"EMPR0003","99999715","BONO DTO 438/23","4","9","1","560006","False","84","286000,00"
"EMPR0003","99999903","CEC","5","0","1","810004","False","41","-262762,77"
"EMPR0003","99999904","FAECYS","5","0","1","810004","False","41","-65690,67"
"EMPR0003","99999905","Aporte fijo OSECAC","5","0","16","820000","False","107","-3500,00"
"EMPR0003","99999908","APORTE OBRA SOCIAL UTHGRA","5","0","16","810002","False","71","-1157234,52"
"EMPR0003","99999909","SEG. ASISTENCIAL","5","0","1","810005","False","16","-92414,37"
"EMPR0003","99999950","SALARIO COMPLEMENTARIO","6","0","1","810012","False","76","-33750,00"
"EMPR0003","99999956","Anticipo SAC","6","0","1","820000","False","117","-13497807,43"
"EMPR0003","99999957","Acreditacion Haberes 3/01/25","6","0","1","820000","False","78","-3322116,00"
"EMPR0004","100","SUELDO BÁSICO","1","1","1","110000","True","77","39243896,06"
"EMPR0004","101","DIAS NO TRABAJADOS","1","1","1","110000","True","60","-1417372,03"
"EMPR0004","104","FALTA INJUSTIFICADA","1","1","1","110000","True","1","-32437,35"
"EMPR0004","105","INCREMENTO SOLIDARIO","1","1","1","0","True","20","134082,70"
"EMPR0004","116","FERIADOS","1","1","1","110007","True","73","275716,97"
"EMPR0004","202","DIAS VACACIONES","1","6","2","150000","True","60","1700846,38"
"EMPR0004","301","1er SAC","2","7","3","120001","True","7","1700475,53"
"EMPR0004","302","2do SAC","2","7","3","120002","True","6","1105874,70"
"EMPR0004","400","ADICIONAL NO REMUNERATIVO","4","9","1","0","False","20","55943,93"
"EMPR0004","401","BONO 665/19","4","9","1","0","False","4","4000,00"
"EMPR0004","505","BONO DTO 841/2022","4","9","1","0","False","2","24000,00"
"EMPR0004","507","GRAT. EXTRAORDINARIA NO REM","4","9","1","551002","False","1","35000,00"
"EMPR0004","700","Indemniz.Sustitutiva Preaviso","4","9","6","520015","False","1","324373,49"
"EMPR0004","701","Integración mes de despido","4","9","6","520016","False","1","97312,05"
"EMPR0004","702","Art.245: Indemniz.por despido sin causa","4","9","6","520014","False","1","324373,49"
"EMPR0004","703","VAC NO GOZADAS","4","9","6","520012","False","1","103799,52"
"EMPR0004","704","SAC preaviso","4","9","1","520017","False","1","27031,12"
"EMPR0004","705","SAC integración mes de despido","4","9","1","520017","False","1","8109,34"
"EMPR0004","706","Art.123: 2do SAC proporcional","2","7","3","120003","True","2","147770,34"
"EMPR0004","715","BONO DTO 438/23","4","9","1","560006","False","3","90000,00"
"EMPR0004","800","ADELANTO DE SUELDO","6","0","1","820000","False","40","-12000,00"
"EMPR0004","900","APORTE PARA JUBILACIÓN","5","0","15","810000","False","94","-4714473,92"
"EMPR0004","901","APORTE PARA INSSJP","5","0","15","810001","False","94","-1285765,72"
"EMPR0004","902","APORTE OBRA SOCIAL","5","0","16","810002","False","94","-1285765,72"
"EMPR0004","940","PROGRAMA ENLAZADOS","6","0","1","820000","False","3","-305987,00"
"EMPR0004","950","SALARIO COMPLEMENTARIO","6","0","1","810012","False","2","-33750,00"
"EMPR0004","956","Anticipo SAC","6","0","1","820000","False","5","-1295578,00"
"EMPR0004","999","REDONDEO","4","0","6","820000","False","94","35,12"
"EMPR0005","10000","SUELDO BÁSICO","1","1","1","110000","True","4606","1279395438,93"
"EMPR0005","10010","SUELDO EVENTUALES","1","1","1","110000","True","4560","480797435,62"
"EMPR0005","10020","DÍAS ENFERMEDAD","1","1","1","110000","True","4570","72831071,01"
"EMPR0005","10030","DIAS LICENCIA ART","1","1","1","110000","True","4433","14665189,26"
"EMPR0005","10040","FALTA INJUSTIFICADA","1","1","1","110000","True","4567","-9321746,44"
"EMPR0005","10050","SANCION DISCIPLINARIA","1","1","1","110000","True","4430","-1060215,03"
"EMPR0005","10100","OTRAS LICENCIAS","1","1","1","110005","True","4535","3980023,35"
"EMPR0005","10200","FERIADO TRABAJADO","1","1","1","110007","True","4598","66039075,67"
"EMPR0005","11000","ANTIGUEDAD UTHGRA","2","3","1","160001","True","2791","19490095,51"
"EMPR0005","12000","COMPLEMENTO DE SERVICIO 12%","1","3","1","160000","True","4081","198616932,57"
"EMPR0005","12010","ASISTENCIA PERFECTA 10%","1","4","1","110000","True","4667","135149744,29"
"EMPR0005","12020","ADICIONAL ALIMENTACIÓN","2","3","1","160000","True","4125","179794281,60"
"EMPR0005","12021","DESC. ADICIONAL ALIMENTACIÓN","2","3","1","160000","True","3910","-154248513,83"
"EMPR0005","13800","BONO PRODUCTIVIDAD","2","4","1","170002","True","2109","23943021,14"
"EMPR0005","13900","DIFERENCIAS Y REAJUSTES","2","3","1","110000","True","185","2565486,45"
"EMPR0005","15000","DÍAS VACACIONES","1","6","1","150000","True","4542","69240140,89"
"EMPR0005","15900","DÍAS NO TRABAJADOS","1","1","1","110000","True","4585","-149133320,60"
"EMPR0005","17000","SAC PROPORCIONAL","2","7","3","120003","True","290","5988624,92"
"EMPR0005","18000","RESERVA DE PUESTO","4","9","1","110000","False","44","0,44"
"EMPR0005","18100","DIAS LICENCIA MATERNIDAD","4","10","1","510003","False","654","7550829,69"
"EMPR0005","18101","DTO. DIAS LICENCIA MATERNIDAD","4","10","1","510003","False","409","-7550829,57"
"EMPR0005","18200","LICENCIA  LEY 27.674 ART 13","1","10","1","510003","True","2","1119501,90"
"EMPR0005","18201","DTO LIC. LEY 27.674 ART 13","1","0","1","510003","False","2","-1119501,90"
"EMPR0005","20001","JUBILACIÓN 11%","5","0","1","810000","False","5006","-275783396,10"
"EMPR0005","20101","LEY 19032 3%","5","0","1","810001","False","5010","-75231932,58"
"EMPR0005","20201","OBRA SOCIAL 3%","5","0","1","810002","False","4990","-74625781,03"
"EMPR0005","20202","APORTE ADIC. OBRA SOCIAL","5","0","16","810002","False","295","-3417292,00"
"EMPR0005","22001","CUOTA SINDICAL UTHGRA 2.5%","5","0","1","810004","False","4984","-62376409,94"
"EMPR0005","22002","SEG. DE VIDA Y SEPELIO UTHGRA","5","0","1","810005","False","4984","-24945834,96"
"EMPR0005","23001","EMBARGO / CUOTA ALIMENTARIA","6","0","1","820000","False","938","-307999,97"
"EMPR0005","23101","DESCUENTO PREPAGA","6","0","1","820000","False","4629","-13311942,72"
"EMPR0005","23102","DTO CUOTA SPORT CLUB","6","0","19","820000","False","1042","-3005960,00"
"EMPR0005","23103","DESCUENTO VIANDAS","6","0","19","820000","False","407","-235500,00"
"EMPR0005","24001","ANTICIPO DE SUELDO","6","0","1","820000","False","4664","-18626126,83"
"EMPR0005","40001","SUMA NO REM. UTHGRA","4","9","6","551000","False","3535","79732862,17"
"EMPR0005","40800","ADICIONAL TRASLADOS","4","9","6","550000","False","77","524050,80"
"EMPR0005","45000","REINTEGRO GASTOS GUARDERIA ART 103 LCT","4","9","1","520004","False","419","2649378,60"
"EMPR0005","50000","INDEMN. POR ANTIGUEDAD ART 245 LCT","4","9","6","520014","False","260","13047876,54"
"EMPR0005","50010","INDEMN. SUST. PREAVISO","4","9","6","520015","False","260","3313963,19"
"EMPR0005","50011","SAC S/ INDEMN. SUST. PREAVISO","4","9","1","520017","False","11","276163,60"
"EMPR0005","50020","INDEMN. INTEGRACION MES DE DESPIDO","4","9","6","520016","False","255","103612,56"
"EMPR0005","50030","VACACIONES NO GOZADAS","4","9","6","520012","False","2331","11298186,12"
"EMPR0005","50031","VAC. NO GOZADAS PROPORCIONALES","4","9","6","520012","False","439","9031419,63"
"EMPR0005","50032","SAC/ VAC NO GOZADAS","4","9","1","520018","False","564","596727,50"
"EMPR0005","99999","REDONDEO","4","9","6","820000","False","4932","2387,04"
"EMPR0005","99999095","adicional empresa","2","3","1","160000","True","1936","0,00"
"EMPR0005","99999096","adicional traslado","1","3","1","160000","True","284","257726,78"
"EMPR0005","99999097","adicional taslados","1","3","1","160000","True","284","0,00"
"EMPR0005","99999100","SUELDO PART TIME","1","1","1","110000","True","683","8440974,47"
"EMPR0005","99999103","ajuste meses anteriores","1","1","1","110000","True","3463","6403662,98"
"EMPR0005","99999111","adicional caba","1","3","1","160000","True","33","484868,04"
"EMPR0005","99999112","horas injustificadas","1","1","1","110000","True","256","-8749,48"
"EMPR0005","99999117","antiguedad","2","3","1","160001","True","7","385502,06"
"EMPR0005","99999120","incremento solidario","1","11","1","0","True","1509","437099,98"
"EMPR0005","99999121","adicional extraordinario","2","3","1","160000","True","1130","563500,00"
"EMPR0005","99999129","ADICIONAL TRASLADOS","1","3","1","160000","True","492","15559580,54"
"EMPR0005","99999130","adic retroactivo","2","3","1","160000","True","266","639718,54"
"EMPR0005","99999195","suma no al basico","1","1","1","160000","True","1924","54988589,06"
"EMPR0005","99999196","adicional","2","3","1","160000","True","250","0,00"
"EMPR0005","99999202","fallo de caja","2","3","1","160003","True","4314","1416144,15"
"EMPR0005","99999240","suspension art 223","1","1","1","0","True","674","-1844883,01"
"EMPR0005","99999241","suspension art 223","4","1","6","0","True","669","1176488,49"
"EMPR0005","99999299","pago sac 1 sem","2","7","3","120001","True","60","-27614787,56"
"EMPR0005","99999301","sac 1 sem","2","7","3","120001","True","3166","62289023,64"
"EMPR0005","99999302","2do sac","2","7","3","120002","True","2485","90919173,10"
"EMPR0005","99999303","2do sac","1","7","1","120002","True","1342","8318589,20"
"EMPR0005","99999304","sac 1 sem","1","7","1","120001","True","309","34224276,02"
"EMPR0005","99999350","ajuste","2","3","1","160000","True","414","11394591,29"
"EMPR0005","99999400","sac proporcional","2","7","3","120003","True","291","1077590,92"
"EMPR0005","99999409","bono 665/19","4","9","1","550000","False","8","8000,00"
"EMPR0005","99999410","bono dto  841/2022","4","9","1","560005","False","445","1224400,00"
"EMPR0005","99999503","Acdo Compl No rem","4","9","1","551000","False","1040","8131682,98"
"EMPR0005","99999504","Acdo No rem Compl II","4","9","1","551000","False","1727","27475359,88"
"EMPR0005","99999505","reintegro","4","9","1","551000","False","291","1542950,23"
"EMPR0005","99999506","gratificacion","4","9","1","551001","False","304","4055124,94"
"EMPR0005","99999507","gratificacion","4","9","1","551001","False","2","25000,00"
"EMPR0005","99999508","acuerdo nr","4","9","1","550000","False","58","174866,93"
"EMPR0005","99999701","Indemniz.Sustitutiva Preaviso- no usa","4","9","6","0","False","258","30741,60"
"EMPR0005","99999705","Art.123: 1er SAC proporcional","2","7","3","120003","True","1687","3106416,00"
"EMPR0005","99999706","Art.123: 2do SAC proporcional","1","7","3","120003","True","2020","5123201,88"
"EMPR0005","99999711","bono productividad nr","4","9","1","551000","False","1307","5652015,27"
"EMPR0005","99999712","bono dto 438/23","4","9","1","560006","False","391","3668000,00"
"EMPR0005","99999713","Sac Complemento Mes","4","9","1","520017","False","2","2699,27"
"EMPR0005","99999796","lic maternidad","1","1","1","110000","True","260","-4953343,29"
"EMPR0005","99999797","reserva de puesto","1","1","1","110000","True","254","-2609905,08"
"EMPR0005","99999798","lic maternidad","1","10","1","510003","True","171","1792333,99"
"EMPR0005","99999799","liic maternidad","1","10","1","510003","True","3","-1792333,99"
"EMPR0005","99999803","dto prestamo","6","0","1","820000","False","3605","-303288,00"
"EMPR0005","99999804","descuento uniforme","6","0","19","820000","False","250","-25699,00"
"EMPR0005","99999950","Ajuste No rem Reintegro","4","9","1","810012","False","788","-70887,07"
"EMPR0005","99999951","salario complementario abril","6","0","1","810012","False","622","0,00"
"EMPR0005","99999952","anticipo sac","6","0","1","820000","False","3010","-69928691,72"
"EMPR0005","999991000","repro","6","0","1","0","False","619","-20979,00"
"EMPR0005","999991007","repro","6","0","1","820000","False","11","-99000,00"
"EMPR0005","999991008","enlazados","6","0","1","820000","False","112","-2212414,00"
"EMPR0005","999991043","acuerdo nr","4","9","1","550000","False","1","0,00"
"EMPR0006","10000","SUELDO BÁSICO","1","1","1","110000","True","3283","1254458454,50"
"EMPR0006","10010","SUELDO EVENTUALES","1","1","1","110000","True","3283","337780510,79"
"EMPR0006","10020","DÍAS ENFERMEDAD","1","1","1","110000","True","3225","19179857,33"
"EMPR0006","10030","DIAS LICENCIA ART","1","1","1","110000","True","3209","17525356,94"
"EMPR0006","10040","FALTA INJUSTIFICADA","1","1","1","110000","True","3238","-6506342,22"
"EMPR0006","10050","SANCION DISCIPLINARIA","1","1","1","110000","True","3210","-1009509,10"
"EMPR0006","10100","OTRAS LICENCIAS","1","1","1","110000","True","3209","2263616,67"
"EMPR0006","10200","FERIADO TRABAJADO","1","1","1","110007","True","3258","54305632,33"
"EMPR0006","11000","ANTIGUEDAD UTHGRA","2","3","1","160001","True","1745","12722515,94"
"EMPR0006","12000","COMPLEMENTO DE SERVICIO 12%","1","3","1","160000","True","2820","171481436,50"
"EMPR0006","12010","ASISTENCIA PERFECTA 10%","1","4","1","170001","True","3290","119774130,99"
"EMPR0006","12020","ADICIONAL ALIMENTACIÓN","2","3","1","160000","True","2846","141010206,61"
"EMPR0006","12021","DESC. ADICIONAL ALIMENTACIÓN 10%","2","3","1","160000","True","2791","-134969990,44"
"EMPR0006","13800","BONO PRODUCTIVIDAD","2","4","1","170002","True","1930","35543601,21"
"EMPR0006","13900","DIFERENCIAS Y REAJUSTES","1","1","1","110000","True","327","4506811,81"
"EMPR0006","13910","AJUSTE MESES ANTERIORES","1","1","1","110000","True","1213","910027,00"
"EMPR0006","15000","DÍAS VACACIONES","1","6","1","150000","True","3211","47252829,78"
"EMPR0006","15900","DÍAS NO TRABAJADOS","1","1","1","110000","True","3226","-78978190,32"
"EMPR0006","17000","SAC PROPORCIONAL","2","7","3","120003","True","314","8952189,52"
"EMPR0006","18000","RESERVA DE PUESTO","4","9","1","110000","False","2","0,01"
"EMPR0006","18100","DIAS LICENCIA MATERNIDAD","4","9","1","510003","False","285","1143269,67"
"EMPR0006","18101","DTO. DIAS LIC. MATERNIDAD","4","9","1","510003","False","68","-1143269,67"
"EMPR0006","18200","LICENCIA  LEY 27.674 ART 13","1","10","1","510003","True","228","5494793,04"
"EMPR0006","18201","DTO LIC. LEY 27.674 ART 13","1","0","1","510003","False","14","-5494793,04"
"EMPR0006","20001","JUBILACIÓN 11%","5","0","1","810000","False","3550","-245477749,85"
"EMPR0006","20101","LEY 19032 3%","5","0","1","810001","False","3550","-66948476,89"
"EMPR0006","20201","OBRA SOCIAL 3%","5","0","1","810002","False","3564","-67529427,13"
"EMPR0006","20202","APORTE ADIC. OBRA SOCIAL","5","0","16","810002","False","70","-1113320,72"
"EMPR0006","22001","CUOTA SINDICAL UTHGRA 2.5%","5","0","1","810004","False","3358","-50976830,93"
"EMPR0006","22002","SEG. DE VIDA Y SEPELIO UTHGRA","5","0","1","810005","False","3449","-21097367,47"
"EMPR0006","23001","EMBARGO / CUOTA ALIMENTARIA","6","0","1","820000","False","60","0,00"
"EMPR0006","23101","DESCUENTO PREPAGA","6","0","1","820000","False","3278","-4895430,44"
"EMPR0006","23102","DTO CUOTA SPORT CLUB","6","0","19","820000","False","942","-3726940,00"
"EMPR0006","23103","DESCUENTO VIANDAS","6","0","19","820000","False","68","-531000,00"
"EMPR0006","24001","ANTICIPO DE SUELDO","6","0","1","820000","False","3291","-14225515,66"
"EMPR0006","25001","DESCUENTO PRESTAMO","6","0","1","820000","False","551","-428500,00"
"EMPR0006","40001","SUMA NO REM. UTHGRA","4","9","1","551000","False","2451","56459538,03"
"EMPR0006","40010","AJUSTE SUMA NR ACUERDO UTHGRA","4","9","1","551000","False","871","54856,00"
"EMPR0006","40800","ADICIONAL TRASLADOS","4","9","1","551000","False","60","2238881,85"
"EMPR0006","50000","INDEMN. POR ANTIGUEDAD ART 245 LCT","4","9","6","520014","False","5","2781791,23"
"EMPR0006","50010","INDEM. SUST. PREAVISO","4","9","6","520015","False","5","1299975,03"
"EMPR0006","50011","SAC S/ INDEMN. SUST. PREAVISO","4","9","1","520018","False","4","108331,26"
"EMPR0006","50020","INDEMN. INTEGRACION MES DE DESPIDO","4","9","6","520014","False","5","803201,96"
"EMPR0006","50021","SAC S/ INDEMN. INTRGRACION MES DESPIDO","4","9","1","520018","False","4","66933,50"
"EMPR0006","50030","VACACIONES NO GOZADAS","4","9","6","520012","False","1306","10452291,43"
"EMPR0006","50031","VAC. NO GOZADAS PROPORCIONALES","4","9","6","520012","False","1591","16002489,39"
"EMPR0006","50032","SAC/ VAC NO GOZADAS","4","9","1","520018","False","231","947461,44"
"EMPR0006","99999","REDONDEO","1","0","6","799999","False","3576","1617,35"
"EMPR0006","9999705","Art.123: 1er SAC proporcional","1","7","3","120003","True","1443","1721643,69"
"EMPR0006","99999091","ajuste adicionales","2","3","1","160000","True","219","0,00"
"EMPR0006","99999100","Sueldo básico por hora","1","1","1","110000","True","161","0,00"
"EMPR0006","99999121","Aj. meses anteriores/Feriados","1","1","1","110000","True","691","147883,31"
"EMPR0006","99999129","adicional traslado","2","3","1","160000","True","768","51698450,27"
"EMPR0006","99999130","premio a la asistencia","2","4","1","170001","True","155","0,00"
"EMPR0006","99999131","adicional traslado","1","1","1","110000","True","172","2454177,14"
"EMPR0006","99999132","gratificacion extra","4","9","1","551000","False","155","0,00"
"EMPR0006","99999135","adicional febrero","4","9","6","550000","False","155","0,00"
"EMPR0006","99999151","dias vacaciones","1","6","1","150001","True","155","0,00"
"EMPR0006","99999154","adicional retroactivo","2","3","1","160000","True","234","617016,71"
"EMPR0006","99999195","suma nr","1","1","1","110000","True","1295","34367141,80"
"EMPR0006","99999200","incremento solidario","1","1","1","110000","True","156","0,00"
"EMPR0006","99999202","fallo de caja","2","3","1","110000","True","3154","831346,99"
"EMPR0006","99999290","Ajuste Retro 09 y 10-25","2","3","1","160000","True","338","10476266,84"
"EMPR0006","99999297","pago sac 1 semestre","2","7","3","120001","True","62","-28849942,74"
"EMPR0006","99999301","sac 1 semestre","2","7","3","120001","True","2271","88142852,90"
"EMPR0006","99999302","sac 2 semestre","2","7","3","120002","True","2790","84017966,03"
"EMPR0006","99999350","sac pro 2 sem","2","7","3","120003","True","49","4117774,19"
"EMPR0006","99999413","reintegro","4","9","1","550000","False","61","1071400,00"
"EMPR0006","99999501","bono por resultado","4","9","1","0","False","1","0,00"
"EMPR0006","99999503","Recomp. Sal. No Rem","4","9","1","551000","False","156","168592,40"
"EMPR0006","99999505","bono dto 841/2022","4","9","1","560005","False","110","653200,00"
"EMPR0006","99999506","Acdo No rem Complementario","4","9","1","551000","False","1078","6860933,48"
"EMPR0006","99999507","grat. extraord nr","4","9","1","551002","False","153","2297000,02"
"EMPR0006","99999508","bono productividad","4","9","1","551001","False","95","2857269,74"
"EMPR0006","99999509","acuerdo nr","4","9","1","551000","False","806","19363987,98"
"EMPR0006","99999550","ajuste no remunerativo","4","9","1","550000","False","2","9179,80"
"EMPR0006","99999706","Art.123: 2do SAC proporcional","2","7","3","120003","True","1411","3550733,48"
"EMPR0006","99999711","Art.248: Indemniz.extinc.por muerte del trabajador","4","9","6","550000","False","1","0,00"
"EMPR0006","99999715","bono dto 438/23","4","9","1","560006","False","83","1967500,00"
"EMPR0006","99999913","subs sepelio","5","0","17","810005","False","4","-1510,12"
"EMPR0006","99999915","anticipo sueldos","6","0","19","820000","False","1","-10000,00"
"EMPR0006","99999931","FALTANTE DE CAJA","6","0","1","820000","False","729","-138799,22"
"EMPR0006","99999956","anticipo sac","6","0","1","820000","False","2206","-59766063,50"
"EMPR0006","99999958","PROGRAMA ENLAZADOS","6","0","1","820000","False","22","-786060,00"
"EMPR0006","99999959","excedente","5","0","19","0","False","1","0,00"
"EMPR0007","10000","SUELDO BÁSICO","1","1","1","110000","True","131","39412185,08"
"EMPR0007","10010","SUELDO EVENTUALES","1","1","1","110000","True","51","3976289,73"
"EMPR0007","10040","FALTA INJUSTIFICADA","1","1","1","110000","True","69","-8833,34"
"EMPR0007","10200","FERIADO TRABAJADO","1","1","1","110007","True","60","518716,00"
"EMPR0007","12300","ANTIGÜEDAD SUTIAGA","2","3","1","160001","True","110","1146556,51"
"EMPR0007","12301","PRESENTISMO FATAGA","2","4","1","170001","True","104","7504802,95"
"EMPR0007","12302","ADIC. RAMA ART. 148","1","3","1","160000","True","29","3728742,24"
"EMPR0007","13800","BONO PRODUCTIVIDAD","2","4","1","170002","True","6","1000000,00"
"EMPR0007","13900","DIFERENCIAS Y REAJUSTES","1","1","1","110000","True","83","301337,33"
"EMPR0007","20001","JUBILACIÓN 11%","5","0","15","810000","False","168","-8767886,84"
"EMPR0007","20101","LEY 19032 3%","5","0","18","810001","False","168","-2391241,91"
"EMPR0007","20201","OBBRA SOCIAL 3%","5","0","16","810002","False","148","-3876731,32"
"EMPR0007","22300","CUOTA SINDICAL SUTIAGA 2%","5","0","17","810004","False","168","-1880529,94"
"EMPR0007","22301","APORTE SEGURO SEPELIO 1.5%","5","0","1","810005","False","168","-1410397,43"
"EMPR0007","43000","SUMA NO REM. FATAGA","4","9","1","551000","False","134","15053434,58"
"EMPR0007","99999","REDONDEO","4","0","19","820000","False","168","49,06"
"EMPR0007","999991001","Feriado Nac/ Pcial","1","1","1","110000","True","95","39282,70"
"EMPR0007","999991004","Dia Gremio","2","3","1","160000","True","105","13666,66"
"EMPR0007","999992002","Presentismo","1","4","1","170001","True","36","1406301,29"
"EMPR0007","999992005","Adicional Rama Soda art. 148","1","3","1","160000","True","95","15338885,25"
"EMPR0007","999992500","Plus Vacacional","1","6","1","150000","True","116","487491,80"
"EMPR0007","999992998","Pago SAC 1er Semestre","2","7","3","120001","True","4","-1055641,93"
"EMPR0007","999993000","SAC 1er Semestre","2","7","3","120001","True","12","1744503,05"
"EMPR0007","999993001"," 2do SAC proporcional","2","7","3","120003","True","4","171669,40"
"EMPR0007","999993002","2° SAC","1","7","1","120002","True","11","2834193,23"
"EMPR0007","999993003","SAC 1er Semestre","2","7","3","120001","True","32","1147914,00"
"EMPR0007","999994001","Bono Dto 438/23","4","9","1","560006","False","34","175000,00"
"EMPR0007","999994002","Vacaciones no gozadas","4","9","6","520012","False","29","22400,00"
"EMPR0007","999995005","Aporte Obra Social","5","0","16","810002","False","20","-74019,15"
"EMPR0007","999995006","Anticipo SAC","6","0","1","820000","False","73","-2153260,00"
"EMPR0007","999995007","Programa Enlazados","6","0","1","820000","False","83","-457570,00"
"EMPR0007","999995010","Reintegro OS","6","0","19","820000","False","32","86608,00"
"EMPR0008","1000","Sueldo básico","1","1","1","110000","True","79","41828535,43"
"EMPR0008","1001","Feriados","1","1","1","110000","True","72","1553370,53"
"EMPR0008","1002","Dias no trabajados","1","1","1","110000","True","56","-894110,20"
"EMPR0008","1003","Vacaciones","2","6","2","150000","True","57","1525687,25"
"EMPR0008","1004","Dias Enfermedad","1","1","1","110000","True","29","53150,15"
"EMPR0008","1005","Falta Injustificada","1","1","1","110000","True","10","-97072,80"
"EMPR0008","1100","Diferencias y reajustes","1","1","1","110000","True","5","1023206,85"
"EMPR0008","2000","SAC 1er Semestre","2","7","3","120001","True","7","2428026,58"
"EMPR0008","2001","2do SAC proporcional","2","7","3","120003","True","4","565210,87"
"EMPR0008","2002","Antigüedad","2","3","1","160001","True","52","769391,78"
"EMPR0008","2003","Presentismo, Puntualidad","2","4","1","170001","True","69","3593767,06"
"EMPR0008","2005","2° SAC","1","7","1","120002","True","7","1566737,67"
"EMPR0008","2100","Ajuste SAC 1er Semestre","2","7","3","120001","True","2","271170,00"
"EMPR0008","3000","Bono Productividad","2","4","1","170002","True","30","3101370,86"
"EMPR0008","4000","Bono Dto 438/23","4","9","1","560006","False","2","60000,00"
"EMPR0008","4001","Suma No Remunerativa","4","9","1","551000","False","47","12037061,41"
"EMPR0008","4002","SAC No rem","4","9","1","551000","False","16","1171988,76"
"EMPR0008","4009","Adicional No Remunerativo","4","9","2","540000","False","22","3548129,50"
"EMPR0008","4010","Antiguedad No Remunerativa","4","9","2","540000","False","22","69687,27"
"EMPR0008","4011","Presentismo No Remunerativa","4","9","2","540000","False","22","301364,12"
"EMPR0008","4700","Ind. Antiguedad","4","9","6","520014","False","2","4315601,76"
"EMPR0008","4701","Ind. Falta Preaviso","4","9","2","520015","False","1","1237799,00"
"EMPR0008","4702","SAC s/Ind. Falta Preaviso","4","9","2","520017","False","1","103149,92"
"EMPR0008","4705","Vacac no gozadas","4","9","2","520012","False","3","2794314,61"
"EMPR0008","4706","SAC s/Vacac no gozadas","4","9","2","520018","False","3","232859,55"
"EMPR0008","4800","Bono Productividad","4","9","1","0","False","25","0,00"
"EMPR0008","4997","Licencia Maternidad","1","1","1","110000","True","3","-3754720,69"
"EMPR0008","4998","Lic Maternidad","1","10","1","510003","True","1","293537,69"
"EMPR0008","4999","Lic Maternidad- Anses","1","10","1","510003","True","1","-293537,69"
"EMPR0008","5000","Aporte para Jubilación","5","0","15","810000","False","98","-5888709,38"
"EMPR0008","5001","Aporte para INSSJP","5","0","18","810001","False","98","-1606011,65"
"EMPR0008","5002","Aporte Obra Social","5","0","16","810002","False","98","-1723587,06"
"EMPR0008","5003","Anticipo SAC","6","0","1","820000","False","58","-2137347,00"
"EMPR0008","5004","Aporte Sindicato","5","0","1","810004","False","87","-1377171,66"
"EMPR0008","5005","Faecys","5","0","1","810004","False","87","-344292,94"
"EMPR0008","5006","Aporte Seguro","5","0","1","810005","False","84","-679082,47"
"EMPR0008","5007","Adelanto, Anticipo","6","0","6","820000","False","61","-30000,00"
"EMPR0008","9990","Redondeo","4","0","19","820000","False","98","2,92"
"EMPR0009","10000","SUELDO BÁSICO","1","1","1","110000","True","214","179927382,56"
"EMPR0009","10010","SUELDO EVENTUALES","1","1","1","110000","True","175","3399639,67"
"EMPR0009","10020","DÍAS ENFERMEDAD","1","1","1","110000","True","188","13427645,76"
"EMPR0009","10030","DIAS LICENCIA ART","1","1","1","110000","True","169","1574525,66"
"EMPR0009","10040","FALTA INJUSTIFICADA","1","1","1","110000","True","183","-191745,49"
"EMPR0009","10050","SANCION DISCIPLINARIA","1","1","1","110000","True","87","-107858,96"
"EMPR0009","10200","FERIADO TRABAJADO","1","1","1","110007","True","213","6508489,57"
"EMPR0009","11000","ANTIGUEDAD UTHGRA","2","3","1","160001","True","200","4057548,74"
"EMPR0009","12000","COMPLEMENTO DE SERVICIO 12%","1","3","1","160000","True","6","939800,40"
"EMPR0009","12010","ASISTENCIA PERFECTA 10%","1","4","1","170001","True","212","14523148,49"
"EMPR0009","12020","ADICIONAL ALIMENTACIÓN","2","3","1","160000","True","215","18567381,75"
"EMPR0009","12021","DESC. ADICIONAL ALIMENTACIÓN","2","3","1","160000","True","215","-18567381,75"
"EMPR0009","13800","BONO PRODUCTIVIDAD","2","3","1","170002","True","197","18318652,13"
"EMPR0009","13900","DIFERENCIAS Y REAJUSTES","1","1","1","110000","True","19","352664,02"
"EMPR0009","15000","DÍAS VACACIONES","1","6","1","150000","True","163","8339484,00"
"EMPR0009","15900","DÍAS NO TRABAJADOS","1","1","1","110000","True","192","-21750651,42"
"EMPR0009","20001","JUBILACIÓN 11%","5","0","1","810000","False","258","-31736590,16"
"EMPR0009","20101","LEY 19032 3%","5","0","1","810001","False","258","-8655433,66"
"EMPR0009","20201","OBRA SOCIAL 3%","5","0","1","810002","False","258","-8655433,66"
"EMPR0009","22001","CUOTA SINDICAL UTHGRA 2.5%","5","0","1","810004","False","258","-7353276,66"
"EMPR0009","22002","SEG. DE VIDA Y SEPELIO UTHGRA","5","0","1","810005","False","258","-2941310,65"
"EMPR0009","23101","DESCUENTO PREPAGA","5","0","1","820000","False","114","-837439,20"
"EMPR0009","24001","ANTICIPO DE SUELDO","6","0","1","820000","False","31","-500000,00"
"EMPR0009","40001","SUMA NO REM. UTHGRA","4","9","1","551000","False","172","4976959,17"
"EMPR0009","40800","ADICIONAL TRASLADO","4","9","1","550000","False","1","131328,90"
"EMPR0009","99999","REDONDEO","4","0","6","820000","False","257","128,21"
"EMPR0009","99999001","DÍAS VACACIONES","1","6","1","150000","True","133","0,00"
"EMPR0009","99999002","COMPLEMENTO DE SERVICIO","1","3","1","160000","True","214","21058236,40"
"EMPR0009","99999003","PAGO SAC 1ER SEMESTRE","2","7","3","120001","True","7","-4287988,95"
"EMPR0009","99999102","ADICIONAL TRASLADO","1","3","1","160000","True","210","17785501,60"
"EMPR0009","99999113","LICENCI ESPECIAL","1","0","1","0","False","169","0,00"
"EMPR0009","99999120","ART.123: 1ER SAC PROPORCIONAL","2","7","3","120003","True","26","145824,18"
"EMPR0009","99999121","SAC 1ER SEMESTRE","2","7","3","120001","True","42","6472765,51"
"EMPR0009","99999123","SAC 2DO SEMESTRE","2","7","3","120002","True","24","0,00"
"EMPR0009","99999130","FALLO CAJA","2","3","1","160000","True","171","114096,67"
"EMPR0009","99999195","SUMA REM NO AL BASICO","1","1","1","110000","True","33","1049154,20"
"EMPR0009","99999200","2DO SUELDO ANUAL COMPLEMENTARIO","2","7","3","120002","True","42","11443414,98"
"EMPR0009","99999210","SAC PROPORCIONAL","1","7","3","120003","True","26","1321438,82"
"EMPR0009","99999255","ADIC. RETROACTIVO","2","3","1","160000","True","31","93947,47"
"EMPR0009","99999300","AJUSTE 09 y 10-25","2","3","1","160000","True","44","1625537,39"
"EMPR0009","99999350","SAC 1ER SEMESTRE","2","7","3","120001","True","31","5178297,92"
"EMPR0009","99999351","SAC 2DO SEMESTRE","2","7","3","120002","True","24","0,00"
"EMPR0009","99999507","GRAT.EXTRAORD. NO REM","4","9","1","551002","False","4","35000,00"
"EMPR0009","99999508","BONO PRODUCTIVIDAD","4","9","1","551000","False","29","630101,45"
"EMPR0009","99999510","ACDO NO REM COMP.","4","9","1","551000","False","84","230662,33"
"EMPR0009","99999511","ACDO NO REM COMP. II","4","9","1","551000","False","30","720635,67"
"EMPR0009","99999512","VACACIONES NO GOZADAS","4","9","6","520012","False","29","2721244,32"
"EMPR0009","99999513","SAC VAC NO GOZADAS","4","9","2","520018","False","3","119478,01"
"EMPR0009","99999899","LIC MATERNIDAD","1","1","1","110000","True","32","-2804495,96"
"EMPR0009","99999913","ANTICIPO SAC","6","0","1","820000","False","43","-7696995,06"
"EMPR0009","99999915","CUOTA ALIMENTARIA","6","0","1","820000","False","27","-2224106,32"
"EMPR0009","99999916","CUOTA ALIMENTARIA RETROACTIVA","6","0","1","820000","False","26","-75000,00"
"EMPR0009","99999917","REINTEGRO","6","0","19","820000","False","25","100000,00"
"EMPR0010","1000","Sueldo básico","1","1","1","110000","True","160","64613406,92"
"EMPR0010","1001","Sueldo básico","1","1","1","110000","True","28","18053784,85"
"EMPR0010","1002","Sueldo básico eventuales","1","1","1","110000","True","42","734632,32"
"EMPR0010","2000","Presentismo Completo","2","4","1","170001","True","162","6518895,12"
"EMPR0010","2001","Presentismo Perfecto","2","4","1","170001","True","161","3232098,88"
"EMPR0010","2002","SAC 1er Semestre","2","7","3","120001","True","13","2201374,07"
"EMPR0010","2003","2do Sueldo Anual Complementario","2","7","3","120002","True","17","5937133,26"
"EMPR0010","2004","SAC proporcional","1","7","3","120003","True","5","562179,49"
"EMPR0010","2010","Falta Injustificada","1","1","1","110000","True","3","-105387,60"
"EMPR0010","3000","Bono Productividad","2","3","1","160000","True","155","58174098,70"
"EMPR0010","3001","Plus Vacacional por día","2","6","2","150000","True","108","311308,07"
"EMPR0010","3050","Feriados","1","1","1","110007","True","101","670821,90"
"EMPR0010","3100","Diferencias y reajustes","1","1","1","110000","True","108","544581,00"
"EMPR0010","3300","Pagos SAC 1er Sem.","2","7","3","120001","True","8","-1470733,04"
"EMPR0010","3301","SAC 1er Semestre","2","7","3","120001","True","8","2706522,84"
"EMPR0010","4000","Refrigerio","4","9","1","520001","False","162","22025212,76"
"EMPR0010","4001","Suma No remunerativa","4","9","1","551000","False","162","21583071,76"
"EMPR0010","4002","Vacaciones no gozadas","4","9","2","520012","False","18","788606,66"
"EMPR0010","4003","SAC s/Vacaciones no gozadas","4","9","2","520018","False","15","38181,47"
"EMPR0010","4100","Ajuste No Remunerativo","4","9","2","550000","False","14","139425,00"
"EMPR0010","5000","Aporte para Jubilación","5","0","15","810000","False","225","-17717790,99"
"EMPR0010","5001","Aporte para INSSJP","5","0","18","810001","False","225","-4832124,85"
"EMPR0010","5002","Aporte Obra Social","5","0","16","810002","False","217","-4755854,35"
"EMPR0010","5003","Aporte Solidario SOEVA","5","0","17","810004","False","197","-2152083,66"
"EMPR0010","5004","Subsidio Sepelio","5","0","1","810005","False","154","-1473044,00"
"EMPR0010","5005","Adelanto, Anticipo","6","0","6","820000","False","59","-430614,00"
"EMPR0010","5006","Prepaga Descuento","6","0","16","820000","False","97","-147495,63"
"EMPR0010","5007","Aporte Obra Social","5","0","16","810002","False","8","-111132,67"
"EMPR0010","5008","Anticipo SAC","6","0","1","820000","False","16","-4767223,49"
"EMPR0010","9990","Redondeo","4","0","19","820000","False","228","17,21"
"EMPR0011","1000","Sueldo básico por día","1","1","1","110000","True","26","2599998,90"
"EMPR0011","2000","1er SAC","2","7","3","120001","True","2","74999,98"
"EMPR0011","2001","2do Sueldo Anual Complementario","2","7","3","120002","True","2","99999,95"
"EMPR0011","6000","Anticipo SAC","6","0","6","820000","False","3","-125000,00"
"EMPR0011","9990","Redondeo","4","0","19","820000","False","29","1,17"
"EMPR0012","1000","Sueldo básico por día","1","1","1","110000","True","22","40314501,55"
"EMPR0012","1999","1er SAC","2","7","3","120001","True","1","927759,00"
"EMPR0012","2000","2do Sueldo Anual Complementario","2","7","3","120002","True","2","1864283,01"
"EMPR0012","5000","Aporte para Jubilación","5","0","15","810000","False","25","-4741719,79"
"EMPR0012","5001","Aporte para INSSJP","5","0","18","810001","False","25","-1293196,31"
"EMPR0012","5002","Aporte Obra Social","5","0","16","810002","False","25","-1293196,31"
"EMPR0012","5003","Anticipo SAC","6","0","1","820000","False","2","-1104131,00"
"EMPR0012","7000","Dtos Prepaga","6","0","18","820000","False","13","-689887,14"
"EMPR0012","9990","Redondeo","4","0","19","820000","False","25","5,99"
"EMPR0013","10000","SUELDO BASICO","1","1","1","110000","True","186","155622051,17"
"EMPR0013","10010","SUELDO EVENTUALES","1","1","1","110000","True","176","32290183,19"
"EMPR0013","10020","DÍAS ENFERMEDAD","1","1","1","110000","True","113","2547060,97"
"EMPR0013","10030","DIAS LICENCIA ART","1","1","1","110000","True","1","569091,90"
"EMPR0013","10040","FALTA INJUSTIFICADA","1","1","1","110000","True","129","-317179,24"
"EMPR0013","10050","SANCION DISCIPLINARIA","1","1","1","110000","True","22","-32662,10"
"EMPR0013","10100","OTRAS LICENCIAS","1","1","1","110000","True","115","208862,83"
"EMPR0013","10200","FERIADO TRABAJADO","1","1","1","110000","True","104","1757035,04"
"EMPR0013","11000","ANTIGUEDAD UTHGRA","2","3","1","160001","True","183","2554121,41"
"EMPR0013","12000","COMPLEMENTO DE SERVICIO 12%","1","3","1","160000","True","229","20761475,42"
"EMPR0013","12010","ASISTENCIA PERFECTA 10%","1","4","1","170001","True","229","15203240,49"
"EMPR0013","12020","ADICIONAL ALIMENTACIÓN","2","3","1","160000","True","229","17392596,39"
"EMPR0013","12021","DESC. ADICIONAL ALIMENTACIÓN","2","3","1","160000","True","229","-17392596,39"
"EMPR0013","13800","BONO PRODUCTIVIDAD","2","3","1","160000","True","112","2389452,00"
"EMPR0013","13900","DIFERENCIAS Y REAJUSTES","1","1","1","110000","True","109","496220,40"
"EMPR0013","15000","DÍAS VACACIONES","1","6","1","150000","True","123","6934103,63"
"EMPR0013","15900","DÍAS NO TRABAJADOS","1","1","1","110000","True","132","-8144376,53"
"EMPR0013","17000","SAC PROPORCIONAL","1","7","1","120003","True","112","788851,57"
"EMPR0013","20001","JUBILACIÓN 11%","5","0","1","810000","False","279","-26389645,60"
"EMPR0013","20101","LEY 19032 3%","5","0","1","810001","False","279","-7197176,06"
"EMPR0013","20201","OBRA SOCIAL 3%","5","0","1","810002","False","269","-7062060,67"
"EMPR0013","20202","APORTE ADIC. OBRA SOCIAL","5","0","16","810002","False","139","-652622,43"
"EMPR0013","22001","CUOTA SINDICAL UTHGRA 2.5%","5","0","1","810004","False","276","-5831830,10"
"EMPR0013","22002","SEG. DE VIDA Y SEPELIO UTHGRA","5","0","18","810005","False","276","-2332732,04"
"EMPR0013","23102","DTO CUOTA SPORT CLUB","6","0","19","820000","False","116","-758980,00"
"EMPR0013","24001","ANTICIPO DE SUELDO","6","0","1","820000","False","141","-2676835,00"
"EMPR0013","40001","SUMA NO REM. UTHGRA","4","9","1","551000","False","196","6156037,78"
"EMPR0013","50030","VACACIONES NO GOZADAS","4","9","6","520012","False","96","696583,21"
"EMPR0013","50032","SAC/ VAC NO GOZADAS","4","9","1","520018","False","4","31890,64"
"EMPR0013","99999","REDONDEO","4","0","19","820000","False","278","10,04"
"EMPR0013","999991600","Feriados","1","1","1","110007","True","157","3836254,86"
"EMPR0013","999992999","Adic. Retroactivo","2","3","1","160000","True","14","37988,00"
"EMPR0013","999993000","Art.123: 2do SAC proporcional","2","7","3","120003","True","91","86372,69"
"EMPR0013","999993001","2do Sueldo Anual Complementario","2","7","3","120002","True","121","7925051,73"
"EMPR0013","999993003","SAC 1er Semestre","1","7","3","120001","True","87","274702,94"
"EMPR0013","999993004","SAC PROPORCIONAL","2","7","3","120002","True","93","24235,87"
"EMPR0013","999993700","Ajuste Retro 09 y 10-25","2","3","1","160000","True","38","1194256,42"
"EMPR0013","999993800","Fallo de Caja","2","3","1","160000","True","98","75418,00"
"EMPR0013","999993900","Pago SAC 1er Semestre","2","7","3","120001","True","1","-274702,94"
"EMPR0013","999993901","SAC 1er Semestre","2","7","3","120001","True","87","330979,41"
"EMPR0013","999993902","Ajuste SAC 1er Semestre","2","7","3","120001","True","96","935117,50"
"EMPR0013","999995007","Anticipo SAC","6","0","1","820000","False","120","-2705406,50"
"EMPR0014","1000","Sueldo básico","1","1","1","110000","True","45","13186679,74"
"EMPR0014","1001","Feriados","1","1","1","110000","True","42","478293,90"
"EMPR0014","1002","Dias no trabajados","1","1","1","110000","True","28","-141075,78"
"EMPR0014","1003","Vacaciones","2","6","2","150000","True","28","0,00"
"EMPR0014","1004","Dias Enfermedad","1","1","1","110000","True","28","65111,90"
"EMPR0014","1005","Falta Injustificada","1","1","1","110000","True","6","-21334,55"
"EMPR0014","2002","Antigüedad","2","3","1","160001","True","28","0,00"
"EMPR0014","2003","Presentismo, Puntualidad","2","4","1","170001","True","45","1092220,63"
"EMPR0014","3000","SAC proporcional","2","7","3","120003","True","11","810132,84"
"EMPR0014","3001","2do Sueldo Anual Complementario","2","7","3","120002","True","15","384560,79"
"EMPR0014","4001","Suma No Remunerativa","4","9","1","551000","False","44","3796209,09"
"EMPR0014","4002","Antiguedad No rem","4","9","1","0","False","28","0,00"
"EMPR0014","4003","Presentismo no rem","4","9","1","551000","False","44","309231,35"
"EMPR0014","4004","Vacaciones no gozadas","4","9","6","520012","False","10","763329,66"
"EMPR0014","4005","SAC no Rem","4","9","2","520018","False","26","338801,59"
"EMPR0014","4006","SAC Vac n/Gozadas","4","9","1","520018","False","5","39067,15"
"EMPR0014","5000","Aporte para Jubilación","5","0","15","810000","False","51","-1744004,89"
"EMPR0014","5001","Aporte para INSSJP","5","0","18","810001","False","51","-475637,72"
"EMPR0014","5002","Aporte Obra Social","5","0","16","810002","False","32","-899001,42"
"EMPR0014","5003","Anticipo SAC","6","0","1","820000","False","33","0,00"
"EMPR0014","5004","Aporte Sindicato","5","0","1","810004","False","51","-405976,67"
"EMPR0014","5005","Faecys","5","0","1","810004","False","51","-101494,21"
"EMPR0014","5006","Aporte Osecac","5","8","16","810002","False","32","-3100,00"
"EMPR0014","5007","Adelanto, Anticipo","6","0","6","820000","False","44","-390000,00"
"EMPR0014","5008","Aporte Obra Social","5","0","16","810002","False","20","-469734,85"
"EMPR0014","5009","Anticipo SAC","6","0","1","0","False","6","-154387,00"
"EMPR0014","9990","Redondeo","4","0","19","820000","False","51","-1,55"
